{"cameraMode":{"drawMode":0,"name":"Shaded","section":"Shading Mode"},"sceneLighting":true,"audioPlay":false,"sceneViewState":{"showFog":true,"showMaterialUpdate":false,"showSkybox":true,"showFlares":true,"showImageEffects":true,"showParticleSystems":true},"in2DMode":false,"pivot":{"x":28.76216697692871,"y":14.889877319335938,"z":-9.835365295410157},"rotation":{"x":-0.004873279482126236,"y":-0.9909428358078003,"z":0.12885746359825135,"w":-0.037476085126399997},"size":78.8436508178711,"orthographic":false}